txId1,txId2
1182,1201
1856,4268
1840,796
2925,2056
251,48
2116,2004
718,3817
517,137
3362,469
3263,383
2093,789
2169,2531
2778,1021
433,2149
1866,1349
2100,280
206,3903
2600,485
4164,945
3320,1345
2734,2765
2398,565
1521,474
172,3920
4203,2139
1967,2662
1996,331
2262,3554
1763,932
2656,2109
1696,1496
511,3080
1779,2660
1376,3575
2140,1056
2643,3594
4029,2363
2777,2593
1447,489
2379,2531
814,18
1324,3288
2596,2308
636,2316
1146,2478
3074,645
4078,521
1501,2833
1528,3524
1795,1330
1303,469
1108,296
1734,807
1870,1817
2716,2858
2623,1333
3036,139
3938,1042
2001,1396
1167,2010
3345,1327
479,1878
4155,3173
607,3422
3844,31
2304,1764
2496,1310
2783,3903
3732,2076
757,3167
4223,1133
3704,1854
3188,1578
1595,3780
272,3204
339,839
4208,714
1723,1596
71,2973
17,4127
3174,2531
491,255
1569,18
1750,702
3092,850
2091,4154
3521,1764
1827,3524
4273,295
1351,569
3398,608
3779,2524
3534,1141
2364,1201
805,520
998,3455
3456,519
607,2785
2318,978
2576,1802
21,2768
2955,733
396,4155
755,3561
590,3782
2207,1236
3781,3373
707,18
3734,2491
3626,3045
2664,2488
2724,2411
2034,705
3077,331
3976,2972
3941,847
365,2700
4084,2531
4129,3878
3443,765
770,2537
399,1857
3940,850
3421,4144
1917,18
3872,2204
3446,3407
1216,3204
1329,3547
1163,13
808,3236
4193,3091
1727,4274
2514,2745
140,2642
2819,3656
311,1201
3136,3486
1305,469
2328,550
3791,1259
1335,2650
2060,2136
2522,3264
740,253
2310,1152
1987,3043
133,578
4147,1814
1919,2034
32,1678
1235,3546
1471,2077
1084,1201
3039,2411
1454,769
1263,3388
4096,2551
73,3494
1259,1209
3320,3839
122,694
1388,4268
2646,773
2983,126
811,3556
767,2929
2626,3986
3108,2424
1861,2531
2667,1448
1638,3780
3521,2303
684,2603
705,2516
3958,2153
1297,497
478,3630
3331,3795
4107,3878
1560,3628
3880,1363
3543,2504
3235,379
4101,2531
3589,1187
1203,13
4127,2076
3646,3204
2552,2427
646,2204
894,3977
2808,1764
2784,3859
3136,4204
161,509
3904,611
178,3047
2047,1482
1008,3780
2745,3204
1799,763
63,1201
215,3050
434,938
4162,850
2788,2548
810,3332
3001,2548
3905,3189
29,3574
585,2204
812,3704
2829,3373
2060,4210
2923,1833
1607,1045
3974,939
2606,3446
2133,1201
1938,191
3265,1986
2046,1247
2171,377
1672,1196
1314,2768
969,2611
1167,2005
4058,67
2621,2605
171,821
1219,6
1338,18
1172,3403
3476,2294
1293,469
977,990
393,2080
3763,2748
143,1852
1666,133
3174,1890
2625,1118
2940,3091
2934,2640
3808,3341
3029,1730
835,1883
812,1546
2764,3778
768,978
4226,18
2462,2583
3625,1767
1865,2712
3277,3541
1014,1596
3890,2404
724,3819
3298,3091
607,913
2684,57
1783,3251
1357,1437
1585,3565
1108,2883
2690,201
1772,1273
1620,2548
1156,3903
3112,71
856,1089
1912,966
2920,990
2536,2411
3893,1764
2155,1065
3570,3297
3441,3795
1432,1623
2818,4217
3989,2460
626,1764
1600,61
3116,3118
2761,1764
4256,3465
1403,2475
843,3483
3483,3460
3475,383
2590,3816
674,3157
1072,708
3488,2106
4044,1508
1113,3631
2992,909
1881,898
3956,2076
4095,18
4170,1764
2329,3253
102,976
21,3357
3557,4186
3687,3020
1234,1046
1433,134
1103,13
1307,1838
345,3783
3359,1377
3523,188
292,858
2538,1675
1323,1262
3728,469
4106,1764
1963,2642
3686,1093
1550,1596
58,2411
2687,79
953,3359
1197,1761
1520,2321
98,3324
3102,18
2924,4159
4273,3544
72,18
431,3762
2601,959
1404,3656
3075,2590
3559,2076
936,3878
1707,2002
2075,1998
323,1104
2039,2769
3283,2857
1283,2658
3308,18
1841,2814
1182,2147
4065,731
1426,1764
2961,549
3094,3819
989,2272
2350,667
4247,3182
1590,2371
3621,3474
523,1208
2986,2681
3207,2223
607,1730
2451,2531
3479,2803
1976,865
3924,4204
348,2859
3761,1152
975,4089
3228,3822
2244,2098
807,2178
471,4080
40,2531
3639,2124
1242,1549
2407,1943
3448,3878
3754,620
3995,2595
1803,1504
3728,3714
2230,2265
1980,567
877,18
43,2411
1165,317
1674,873
2691,1764
3080,822
1015,18
2331,18
225,3878
617,3845
2424,914
1876,1516
1055,3632
1134,2005
3099,2850
1157,1277
4018,1938
1021,263
1372,2594
1941,3091
2086,933
2165,1764
1316,850
1459,3656
4171,155
1809,1497
120,2230
2193,3329
2243,3299
614,4026
2594,990
1896,1226
1261,1152
1493,536
1236,2531
1078,1234
3644,990
1070,1267
3800,383
3774,1101
3212,1106
2325,3601
1529,1609
2632,1213
3912,30
3071,1175
1947,31
1401,3379
2767,3777
3205,1925
296,3027
3714,1778
3897,1199
4267,2464
3470,2842
873,3530
2545,3010
1456,18
3122,1909
1273,4158
1626,3532
4011,850
2492,469
3925,3333
2789,3153
307,1411
790,2974
2219,3572
1472,2768
3840,2768
3643,395
1159,1408
2231,18
3619,1738
335,3705
1027,3503
1434,1179
2439,3364
2555,3948
4243,972
280,3542
2843,2666
1020,2285
2227,4204
1699,2326
4063,1784
3659,684
1846,416
3171,1764
1735,3125
3334,2892
1278,3780
456,4030
4125,2999
2610,1764
4189,1776
2760,4204
2246,3064
762,1870
2342,2548
1669,1915
4137,948
1272,469
1238,3207
3096,609
3700,472
591,3331
2274,3373
1114,3088
864,4271
3817,3968
3086,2466
2180,2587
3884,1939
2594,3819
2186,459
1511,850
3243,3081
2072,3567
1559,2531
2032,1596
3462,3350
4010,3776
630,2250
2741,3547
1665,1783
966,2154
1372,990
3797,2043
1182,3124
506,630
3079,4181
3434,1891
581,4111
2249,694
2500,1428
3404,3819
2486,1130
2063,439
574,3700
838,2411
3178,156
1683,7
3011,2548
612,4087
1176,1475
4140,3302
371,3703
3849,1181
3901,2229
3332,1822
2067,925
4200,1511
271,1463
1110,3956
1479,1764
560,1091
525,1772
2877,1094
3141,990
2349,2314
4265,2990
1039,3263
779,237
428,2768
2230,2461
180,475
1132,2773
2649,1181
715,1152
706,1142
3338,18
1754,13
1704,4008
3033,1019
1927,3250
4228,4268
3691,3645
4210,918
3273,2825
527,1657
2058,1998
1888,1411
2111,4013
1016,110
3102,703
3542,4140
2747,2490
2926,2527
3081,1582
2363,275
2660,3091
1240,2890
3251,383
1189,2261
1823,3073
715,1097
1126,3903
1257,1280
3782,299
8,581
2346,2548
2608,2888
1714,183
586,1785
139,1764
1959,121
1114,990
1044,564
2845,3789
3587,2775
3150,3714
3144,4150
171,1719
800,4131
2967,990
1677,2647
3253,2832
3852,2508
1792,13
3111,3844
1750,857
430,13
2031,9
2206,2740
1331,3042
3118,1951
3415,925
984,280
2641,520
3367,3780
3225,3293
490,2225
2898,3106
3457,1444
2858,2067
398,2935
240,1749
2833,2646
1758,2205
3490,1106
366,3520
2102,2078
1644,2290
2584,2858
2982,3780
1523,4084
799,3819
3152,3619
4081,56
3010,3683
889,4120
3738,2811
2881,244
353,2531
4031,1232
2587,2531
3244,1047
3203,2780
235,3280
441,1604
3929,3310
2588,4078
1375,2777
419,18
698,4268
3583,3524
3680,3129
4103,1790
2142,1006
2512,1804
2348,902
2046,3780
2285,3170
783,3611
1274,1897
1147,1063
2341,2204
1485,1410
2619,4260
1036,2383
2122,1096
3554,3054
2007,650
2241,2849
1827,2297
3512,1854
3249,4204
1686,383
696,2517
1288,3656
3873,2548
4253,932
674,889
1282,18
244,75
4041,3091
319,1997
2371,592
1818,18
3600,178
196,88
739,4013
3051,2675
404,2667
1970,3216
34,784
171,1539
3498,2401
3274,3763
4221,1268
1840,3091
2004,2623
3147,3584
3418,755
2375,759
1178,1538
478,2436
2134,1759
3351,1343
4159,1374
4093,1998
1116,2005
3667,2141
269,3441
1808,2117
494,850
1622,2076
171,3639
2891,1207
3197,2530
3551,799
1722,3500
45,1343
2261,3068
3931,13
3994,2776
427,1708
4042,2539
2163,1764
4187,622
3590,1791
3160,3686
3472,2070
1698,3994
2863,2795
2876,1241
3212,2358
682,1518
1216,1302
130,1108
3740,3204
3794,3626
2647,3458
1765,4119
1264,1201
1120,4026
1615,3400
3692,383
3310,1858
461,654
3402,4071
2681,3955
617,2855
3672,1323
967,3414
4106,3819
3546,2656
1835,2768
201,2711
1676,540
122,1132
3771,3522
1593,1862
2398,575
53,2894
3926,3729
3532,3016
2696,4207
3590,1764
3063,1767
3839,563
2650,3541
2151,3468
399,2963
562,1034
1731,340
3258,4119
2196,3545
1390,4239
2849,3091
1925,2642
152,18
1354,1188
2999,1119
2778,3141
3805,2171
961,1198
900,2114
83,2087
477,2812
535,1152
1243,2522
1942,4013
2801,554
89,4034
2194,177
4214,3275
241,658
1899,2026
2208,3764
611,1049
1377,820
3519,2975
1892,3491
551,403
3857,3439
1638,1889
1182,799
688,2292
1182,3222
1674,103
3454,1517
4235,3224
787,2482
1208,710
1864,146
564,1973
3956,2282
1750,1411
3768,2407
2298,4204
468,130
4135,4038
418,2225
4068,18
4250,1825
1871,3026
4246,1506
2251,2330
1920,2102
2510,2733
1624,3607
3731,3780
173,885
4187,2026
3892,1176
3505,176
1906,1300
1213,73
2958,2562
1246,2531
1444,3398
1398,2781
1862,2937
4019,469
1073,1152
1313,2642
3973,18
2233,1487
4035,1183
548,3069
2053,1030
37,4037
750,3989
3455,1932
2368,2779
4166,2204
172,2365
2482,1615
3447,1181
252,3812
4152,1557
3328,3780
603,2625
2456,990
297,1201
3586,1123
4012,3641
2560,2592
2477,1594
1898,1184
2367,3433
1206,1764
742,4259
3481,469
3679,2531
2724,2864
3847,3871
4141,3524
113,2768
1446,2588
3764,408
2978,4259
126,754
2793,3862
3491,1827
1294,4213
866,3409
1389,1152
298,3353
955,469
2959,3198
2804,1941
649,850
484,2378
4013,3629
2620,1576
1023,2847
1387,794
2579,469
1857,4035
2882,1764
2916,3091
2445,3524
2984,2352
1769,37
3964,4268
4224,2563
1155,3880
1637,4173
3521,2691
368,429
1805,4014
3468,1709
629,1375
3284,1764
4245,3373
1363,1152
3835,1546
3046,2478
1003,18
1853,3843
2174,2577
1209,334
2885,2578
3125,1593
2866,2631
3217,3427
480,3780
1330,1656
689,1152
2496,3966
2816,3656
4182,2038
1784,2225
1580,2789
1580,1744
3539,2642
1831,932
3084,575
1406,2236
3345,4196
2739,1043
3928,2278
1533,2531
1408,1868
516,1246
179,613
3537,2496
3381,215
254,3884
2764,469
2024,2695
908,1854
1976,4217
114,700
3145,1301
6,1817
2614,3656
3072,2767
2513,1201
3639,994
1385,469
3335,3204
901,3173
1845,2011
3458,2262
1081,13
467,558
1025,2519
2343,3780
507,4090
2519,4217
1484,1665
3675,2660
379,2912
2822,2411
657,957
693,2660
3649,1267
1300,4243
250,1375
309,340
1538,3204
1453,1872
3665,3524
933,2531
2452,1318
2679,1868
200,3178
3060,2531
1696,1649
745,1716
2408,2997
974,760
302,3100
4143,1873
1580,405
487,3795
2617,853
3420,2718
3295,850
1392,2868
1577,1854
1631,4092
3443,3482
2562,777
2541,469
795,3173
2131,3391
3615,1201
3560,13
2685,185
2824,2351
306,2200
79,128
2151,3780
2861,850
3043,1138
2919,2612
3804,4143
51,3208
112,18
2513,2946
3281,1834
3182,1324
515,4168
1200,3768
3746,2033
409,2619
558,1596
3576,2087
791,846
1359,2632
2877,4163
3131,2054
3386,1181
501,2768
1811,2595
1509,4072
4089,3794
3676,4102
2184,13
1950,3972
3594,3726
1623,2204
1350,990
187,3092
4144,1121
446,3218
1742,990
4020,383
716,231
1191,3117
2028,90
2204,2353
542,2086
1650,1193
1578,2532
2978,3773
1378,1884
3122,2266
557,3199
1009,2569
3089,1596
1356,949
555,3303
151,469
1393,1474
1073,3688
2844,3827
2161,3441
82,2768
1184,1125
1222,2958
1885,4217
3354,449
1788,1375
1616,4218
2246,874
1067,4217
2900,2660
2040,2621
725,114
1467,2269
1054,850
175,3780
2911,1464
2848,2768
918,659
3824,423
3522,269
3641,3271
2809,998
2128,469
556,1921
3822,2836
2191,3773
2902,2478
3223,3780
423,4262
3547,1540
2183,18
3109,2618
3525,1764
1018,3694
3614,356
24,3330
4213,1473
302,2411
607,4005
1048,1694
2281,2744
2372,4166
5,18
883,2251
4180,3250
3440,1164
387,18
2617,4108
2162,2600
749,390
1478,3213
1346,2642
2083,4134
546,3950
2724,3930
2780,2253
2640,1181
2114,1269
4021,3231
377,306
4122,2877
3693,2396
2274,942
834,123
2988,344
1182,3249
947,675
1913,2087
2660,3832
2003,412
3461,574
3223,2531
2938,800
1907,1922
2962,3949
996,566
2538,3406
221,2668
2953,4074
1883,3000
304,3287
1320,837
3629,3415
2399,2666
2698,12
3027,2638
1791,325
3571,1181
3914,2372
1929,2643
4239,1467
3234,1181
3428,2411
2702,2204
2048,245
2538,1028
4013,1596
3758,164
1075,3348
3274,3091
3953,1815
1198,3518
382,545
2908,1149
4076,3524
3468,1764
1561,899
2565,418
25,18
3569,18
2910,2841
1834,4022
280,1281
2914,1936
2045,2559
1290,280
1084,3780
3695,1182
769,2838
361,4085
950,2786
406,1211
2976,3698
1940,975
3969,2809
798,3180
3210,2922
3317,1152
681,3613
1921,2474
1527,18
2707,469
2885,2177
4007,1764
665,3204
4231,2204
957,2669
4034,1685
134,143
4115,2433
1616,1764
2995,850
2993,2531
4106,2531
335,136
3464,3401
1892,3813
797,2388
2620,1877
1416,2768
310,1276
3575,3003
910,1854
414,18
2296,3730
3801,3904
1059,2766
0,2296
3021,292
2420,4031
3908,3553
2727,1140
1609,1072
3690,1086
1632,2204
3647,2478
895,1801
4179,1043
4138,3112
989,426
4199,4212
1891,1924
1032,326
2892,2409
869,366
3399,469
2881,3621
3397,1764
2779,2581
2636,4067
4268,3076
1937,3140
4001,2768
40,197
677,2595
391,3999
1702,4126
4216,3851
3743,850
152,135
1552,1773
1531,932
1985,3900
3425,3380
606,1671
476,1918
3611,4003
1829,3674
944,1453
4109,145
647,1294
2357,2768
2543,1181
1700,3013
816,1201
3568,234
1296,2642
172,3071
9,3807
2569,1032
4269,2468
688,484
3355,2411
3827,651
2310,945
3056,2871
1891,1689
2427,1402
1414,3123
3014,3091
3506,638
2247,575
1134,3766
3326,13
3113,2057
966,3372
3423,4268
578,3991
246,3888
3028,4204
3385,1201
1076,2704
2700,2233
270,22
4067,2722
935,3091
2310,596
2668,2408
3959,3396
1555,3241
3662,2587
2886,3319
685,2099
31,653
442,1152
825,3204
1905,3520
1643,2160
3979,18
701,3521
943,3113
899,4146
3037,469
1278,2181
712,3091
3382,2531
4183,1427
2140,2380
3511,2435
3150,4013
2648,2204
2921,990
1120,3343
163,2919
1594,2719
3142,2022
2390,2209
1120,400
4185,633
773,2856
788,3656
967,526
2572,1152
303,3912
568,2548
27,530
2444,2800
1921,3420
1011,383
750,1148
3891,3872
1461,345
1169,2213
710,2026
1918,2056
1690,2030
255,2918
1120,2745
2980,850
2872,2123
2573,3874
3405,1845
1822,1462
64,3227
3861,1265
3997,4268
4236,277
3400,192
147,3843
1500,1983
2076,1699
1780,2481
3704,1409
3517,2679
448,798
308,2660
583,18
381,1257
1466,1151
1535,1746
402,706
1370,2838
2133,2591
307,3107
2709,3405
969,469
3681,4267
3877,3091
3358,4268
333,1238
1182,3142
2507,2548
332,20
813,2950
264,3177
3499,98
3262,850
2352,2994
607,104
2724,4060
4034,3122
3189,1672
1004,3969
936,1431
1886,4119
4206,3668
2242,2029
1111,452
1541,962
584,3151
36,990
267,1107
3816,3897
3493,3819
1641,4232
2439,2957
2740,2314
1936,3248
1413,2438
1279,1024
1729,825
683,4147
3612,2617
442,2988
3696,1959
2144,3410
2064,2631
2054,2772
3410,1898
3684,18
1397,2876
3998,3103
3826,4119
1855,3110
3303,1854
702,1706
1027,1854
1463,1509
3896,1721
709,4119
1581,1201
1422,4268
581,878
2538,1106
3717,4192
746,556
1018,1652
2802,2457
3565,122
2402,2483
2330,2412
2857,2142
3176,1832
1087,520
3431,1462
3498,487
3124,1164
2974,469
455,2548
2107,3351
3455,4217
1139,92
148,3416
1470,1151
4104,3387
2970,1766
2766,2088
2882,1477
2409,3426
2176,469
760,3398
2471,2076
2081,4084
446,1541
2601,3260
2479,2395
171,785
435,3204
2917,2214
2835,2041
960,4238
3899,2217
1768,1375
2840,80
1192,2005
407,2459
443,4248
2308,247
3176,1201
2319,4119
2210,1465
3327,1153
677,2356
2080,271
413,2548
869,2540
2374,945
544,2595
2360,826
3223,1764
188,1978
3137,76
551,2659
4138,280
3744,1919
590,2703
2516,1957
2444,1764
640,1151
1368,4184
729,3563
1869,836
17,2076
3566,1998
584,2855
422,2548
581,2478
3620,2416
239,3536
4086,1430
4225,2382
874,1642
2479,1510
854,3828
859,2531
3770,1201
460,1432
2108,3568
1571,13
760,3958
1159,1650
1284,2531
2546,844
4172,3204
2906,3247
346,1354
2849,3059
2654,1181
1386,2411
948,2959
3911,299
3297,249
2058,351
1110,469
4192,2745
81,1013
2514,2494
992,1764
2104,893
384,2586
119,757
3093,4217
3285,2616
1062,3509
3427,3158
362,4227
2461,1813
4174,3646
4238,3780
3825,850
605,3861
4101,2328
2008,2001
2481,4229
1911,2120
4041,3087
10,931
2577,2531
2907,3780
3566,1391
1642,3898
1405,1411
2182,1865
3621,78
1895,3217
1636,1390
1974,2030
2706,1449
4136,627
2815,3890
343,3413
2061,3780
1044,990
597,1063
2238,469
1210,1955
3889,3988
2723,3441
3988,4059
536,639
842,1764
2306,300
1958,4013
1254,945
3546,1224
3252,270
703,2531
4153,990
1280,662
1804,1427
218,3104
2566,18
2440,1526
2396,3824
914,3193
1538,520
1663,1758
186,3517
2564,13
3112,4225
3599,2411
2153,1360
4070,452
3239,1063
172,1625
806,3696
3863,3967
1407,899
343,3721
3444,1287
2252,1499
3785,3493
2278,1322
4049,383
556,829
3259,1501
3902,3656
318,1181
1945,1966
3151,4204
2301,1178
2322,3797
2092,2044
1649,1334
3917,824
3065,2087
2105,2226
704,4119
3918,678
39,871
3528,314
2353,3003
4214,2204
2547,99
2159,1437
3419,2897
2803,943
715,2355
3102,3236
2259,1764
462,3598
2488,1152
4099,3745
194,1840
1684,3780
1440,3573
2367,2606
171,2143
1692,1061
2369,1599
2255,18
761,3780
3311,2557
1465,3570
1744,3091
1884,1803
2828,3550
8,1066
3362,888
3729,1222
270,1589
517,2151
2392,452
3033,2204
1543,3780
4219,1407
73,3886
537,2113
4022,2938
1030,167
2538,2128
1854,2703
3514,2820
809,3204
453,1152
1461,1063
2487,4086
1372,2531
1592,2366
502,993
3919,2942
221,2005
2839,378
3695,1077
3489,3804
3460,991
2692,3341
2965,3424
3057,4249
2489,3780
1483,1248
3038,2322
1578,2147
1512,2138
3511,932
2948,391
3249,674
3982,4217
2288,2125
1028,1892
2418,2488
3597,2204
1491,2076
1599,3787
3548,96
2724,4124
2229,3479
2326,3823
3752,220
4179,285
2214,1668
1741,453
1751,2660
2477,1764
1837,81
545,1458
1838,582
23,1974
530,300
77,1052
3697,328
3815,18
2361,850
3787,361
4238,1214
1564,3510
207,2087
1180,577
1029,1375
3466,1094
3799,990
3786,1645
3425,1854
3175,2289
1674,2660
595,2768
4252,3334
2858,2606
1415,3204
3061,2152
1738,2713
2856,1442
2474,2969
4064,3514
992,1201
1046,4256
3240,4039
450,4152
505,2738
2366,2607
1752,1500
2042,2948
1926,2026
3288,2196
1651,13
2945,1662
1260,990
1811,4199
2240,2531
2713,221
3653,3368
4100,2666
76,2302
2444,3924
1119,4225
580,1411
2711,3941
1714,1486
2573,945
4167,2531
3155,947
860,850
2263,2548
663,4247
1325,2258
3102,3780
2154,513
274,1764
1160,3091
1143,1375
294,989
2276,3126
349,790
801,13
2670,2548
2731,2872
730,3242
2913,2314
2258,4115
2947,13
2312,23
3266,1137
3777,1734
149,2370
1984,1201
1111,454
3261,2087
101,2831
2283,3780
555,1854
2392,1090
697,926
55,1058
211,3091
2921,357
100,1639
3294,3780
1477,2895
3613,2717
884,3106
1042,748
2812,338
84,447
340,3204
2195,381
1013,3200
1069,3096
228,2550
1311,656
165,3878
3022,4221
171,494
2651,561
1653,3915
2378,1385
1519,3091
2688,2087
3660,18
684,613
2795,2708
247,503
4250,2710
2595,917
916,158
3765,1585
841,4254
1341,2049
325,189
619,1043
2091,4240
3725,1967
3902,3204
4097,1106
1707,2204
1647,3442
4155,1562
1798,586
56,3023
599,359
1392,1084
4123,4268
900,2050
3531,3899
431,3501
3734,237
90,506
1253,2666
3954,3978
2251,3719
4258,1069
1756,375
3552,2548
703,3819
3674,850
363,2531
3741,3939
1049,204
3793,2548
3179,2068
1174,1341
1418,443
714,312
862,1083
1315,2425
2038,352
1922,3637
928,3867
749,3671
3387,2565
220,3693
106,3843
1380,945
3491,2203
2851,4204
3623,2495
1981,2052
3486,3957
1309,469
1265,1975
541,2166
2113,559
3172,531
1115,3653
2386,1600
499,2690
3180,718
2977,2606
866,2531
168,3604
357,124
607,1969
154,3325
2320,867
817,978
2733,965
4116,10
516,3780
3389,13
3740,401
2683,1233
3199,2862
3686,1764
2800,3360
150,3790
3706,1468
2655,3726
581,2538
2862,3535
3775,1445
2630,939
509,835
4142,2480
1140,3805
2132,2293
1583,2548
243,3091
2234,2573
3151,2313
688,3143
3731,939
3115,18
94,2889
3809,3656
2036,1764
4073,850
2719,1764
3730,3327
3268,13
2485,4096
1121,3964
1759,3882
2441,3524
3200,779
3654,13
2933,2204
1790,1764
1673,41
552,2642
2880,4057
138,26
1547,3086
607,2771
4017,68
1786,2134
852,2291
1285,2529
524,3780
4176,2537
3639,2083
172,941
1147,1825
2594,3780
2167,945
2050,634
3332,3780
2725,3780
35,2801
4249,264
4202,18
545,3779
2279,1809
1364,990
962,1844
1658,3252
215,3912
4180,4080
473,3780
2693,18
3737,3780
3972,2844
47,2204
3630,575
890,2768
1053,2406
1567,990
3442,3435
2374,1177
752,1987
3313,1808
1384,850
1860,425
1182,3430
4267,3091
4172,3164
3981,3315
1173,2531
2574,896
4074,2340
1796,2992
1544,966
362,653
1396,127
802,18
2627,3337
748,1544
2593,2567
2504,3750
2,2150
1846,259
2705,3903
759,952
3814,2768
2079,1933
1495,743
1361,1529
26,2430
2599,445
2509,1026
2665,4204
4230,560
43,3314
1166,469
4008,2067
1406,3300
2830,2531
3260,2531
1526,4192
999,4187
1714,1443
2454,2283
213,18
923,990
3739,4012
191,1522
1029,190
1263,2013
2200,150
52,2548
405,3024
4072,1564
2612,1532
1486,3159
1908,2047
3231,3218
2971,3965
8,3643
3491,1005
3854,1312
2811,3166
1914,4192
1219,4217
2461,3741
1077,2597
2087,1164
2281,278
2899,1538
4163,3727
3501,2039
1660,1398
910,3603
4234,2606
2673,2582
4241,1874
3921,937
3548,3810
372,1070
372,3858
2444,3580
3132,402
3937,1298
4202,4051
1372,1764
2444,4056
3453,1998
3217,2932
909,1855
1012,2076
3657,1408
2674,3680
3276,1807
227,2076
2000,2090
3355,168
1934,13
1304,2660
2634,1190
607,575
1052,2009
2360,868
2772,2130
3994,1318
111,1621
3445,3493
3645,2531
4262,1910
1047,3101
3336,2531
3296,3432
338,1787
1750,3579
4260,1628
12,1348
3513,3903
4125,792
3630,1020
3968,3965
1055,1764
808,842
4048,3390
1624,4195
1120,1490
3314,1010
424,3833
197,3436
209,2689
3515,194
3058,1167
354,3934
1581,1050
3572,729
4042,945
1897,383
42,958
584,1575
3516,2216
1497,621
3923,3780
3486,3592
827,3398
2884,1489
922,4204
1618,386
3882,3914
2284,2385
1708,461
1530,673
2175,18
3151,2716
2481,2703
1793,1076
322,4105
59,669
1252,752
2323,3656
1358,200
3883,2386
567,1596
1730,2931
198,552
3199,452
3788,1210
2923,3377
3108,1134
4233,383
1477,2531
1579,1422
1310,2674
1095,2531
2444,4188
3206,2598
4158,500
2571,2537
3946,3752
2083,3975
2051,1160
3650,2931
764,3819
534,3373
644,13
19,850
2190,2953
520,1152
1787,2458
1882,13
2271,2234
3657,1375
4014,916
2609,18
4263,13
1710,2768
2149,4175
84,2531
393,2293
1360,3852
1239,1380
4254,2531
2598,2204
4082,850
1719,850
1190,2896
2749,3869
256,1285
1144,1726
3355,3321
2859,1381
2189,13
2447,1764
3066,18
3409,2531
352,850
3796,498
3641,4206
1718,3540
3807,3477
747,2531
3546,3927
2340,1110
839,2280
2007,1949
3020,469
2327,13
3653,1201
3384,1579
3720,577
2538,2531
743,2949
4134,469
2724,3114
3609,784
1494,2414
1750,3912
3811,854
2601,3757
1135,2548
3745,1369
347,13
360,59
542,3067
3293,2422
269,1764
4102,3091
1186,3088
3800,3739
4015,2510
1129,3780
4157,575
4024,2952
956,1152
1089,66
2998,2204
848,1764
357,3780
3161,2768
172,337
1086,2279
3772,2056
4157,2730
3247,3306
2922,2986
1771,2358
2068,2860
3480,2696
1514,3373
892,4169
1507,18
2944,3878
3365,854
1916,2768
988,106
2390,18
3747,2531
485,1643
358,2977
3553,2597
2633,3875
2065,3398
415,811
2809,1411
3185,1128
3561,1720
4207,2287
1504,2684
3760,13
62,4119
3980,731
1187,4161
2257,1290
629,2615
3031,1325
1251,1201
13,3819
3053,3736
1822,2335
4150,1152
1806,3843
1334,1195
4161,3876
1548,2440
3194,899
4114,224
3780,3819
2336,1660
4002,32
1084,1235
2202,899
597,1479
288,2703
4232,2470
1183,2417
217,3623
1619,4000
3319,557
1131,1998
4248,2626
3755,1178
2043,3706
185,3452
642,18
4209,2642
985,18
3838,1080
3473,783
2751,13
149,3894
3961,2793
1235,3429
3612,3341
1101,776
44,1793
3593,18
1964,2377
772,415
2467,4026
109,1616
2089,463
2793,2782
1230,990
838,1944
33,1764
2453,18
2875,1632
2729,470
1924,1395
2498,2703
205,3204
1483,2293
407,3656
1894,850
1814,154
1344,3903
1117,2147
1697,2644
174,3556
2839,452
3682,850
703,3780
491,145
1967,2299
3406,469
3468,899
4239,469
601,1189
1490,701
825,1626
3333,2097
204,945
4046,1725
3900,93
3025,2531
278,2954
1988,2028
3012,1764
1133,2110
257,478
439,951
2836,593
1141,1972
522,1950
1708,2478
576,3473
2237,2729
3562,3061
1872,3868
3605,18
1085,850
2756,469
1777,3462
1851,2642
3896,883
1312,2076
156,2628
181,1152
2423,850
1821,1764
1379,990
3527,2708
2929,632
1016,2793
3286,3524
3643,963
3129,2678
3556,332
754,304
3736,2204
2468,1219
1444,343
2332,2768
2125,1039
3148,1764
2774,3563
158,1745
129,1530
851,946
3703,1017
203,3085
3664,2487
1263,1867
408,1337
3526,4091
2821,849
3942,1009
718,4217
3347,3780
3768,3780
758,3780
2806,3933
2534,18
1498,850
700,1078
3151,3139
3263,1100
1944,119
2737,13
2867,2548
3041,2531
818,469
3874,2762
2455,47
1396,762
2083,272
3925,2723
3296,3912
722,732
3380,203
847,2574
482,3232
178,4000
1071,1577
2875,1201
1945,1411
3226,2138
3508,2466
3269,3641
573,18
38,2439
3100,1270
1374,2962
2621,3204
1580,86
3574,276
4164,3184
2217,2232
3821,2486
3401,1538
2471,3190
121,193
607,2411
3309,2346
2156,2998
2611,3098
180,1930
2337,2076
930,850
3165,3466
1430,3075
2975,939
3728,4013
2556,2347
1474,239
421,4010
2523,963
479,2999
2865,4119
1041,18
511,932
1937,383
1750,2076
1580,996
3977,1893
2460,1799
875,1574
1679,1767
1728,671
3068,2446
3345,3581
3054,895
355,850
3224,3285
3999,980
3278,4190
2016,2610
3183,2633
2241,4204
504,2318
3946,1538
1635,4224
230,1181
604,3398
1572,0
1726,444
1466,987
1819,215
2659,2846
2544,2985
891,2531
2734,1437
3230,3192
3391,4176
886,1764
607,3055
320,990
2629,2792
2669,2473
1225,3002
1987,1753
2071,3021
2119,4268
1893,1240
1479,2759
2567,786
2959,2898
2129,3697
4075,2115
2406,1860
2503,850
2430,990
2443,1764
1169,2720
1700,1481
1966,3376
3181,18
4229,219
3291,1494
2157,2727
2602,3493
1452,745
1037,4204
57,3292
3454,18
3451,469
2158,2066
1911,3124
1451,3788
418,141
2850,3219
1479,625
1573,1178
1292,3422
2578,3079
4164,1152
3995,202
3727,3048
1749,1191
3680,4128
2086,3780
3366,4029
852,2076
956,121
514,4066
2901,570
2201,2660
3196,3903
367,1666
517,2697
919,2348
2421,2264
242,850
1667,4036
4032,1393
2428,945
722,469
1977,2242
740,458
784,3431
623,1181
4025,2714
160,1155
3264,2121
436,3819
3803,4110
1945,575
449,1152
2759,2642
404,750
41,2449
3478,2752
488,4057
1960,2218
3577,2225
3392,4055
4080,1201
2749,4268
281,3795
3838,1648
2193,2411
108,4258
896,562
867,3489
1286,13
1202,716
331,1152
3827,1953
4148,1225
1887,362
1983,3600
901,1400
991,2144
714,2817
2385,2238
2014,1695
771,899
3820,1817
3496,2642
189,1536
4027,121
4009,3656
921,3270
2594,2531
1750,3195
1088,850
1954,305
4121,1694
427,775
1871,3373
1266,4217
796,2970
2948,2745
1733,3091
3885,4203
2311,591
4255,383
666,13
49,2156
1560,1267
299,2289
1458,438
3225,4163
780,2761
3832,1376
295,1641
1331,2018
1150,13
3251,2369
2470,3633
986,175
735,2478
756,2666
1179,3704
3085,3555
3823,2879
3990,3488
1630,2531
1480,18
3220,2316
2664,919
2280,3689
2411,517
2250,3281
655,990
785,850
4131,1647
167,3885
2610,1447
920,2432
632,1548
3449,1437
2069,3942
823,1239
1079,2478
717,2411
2755,990
2853,1375
3102,3819
265,2531
1457,850
1739,2531
3974,3837
2518,1677
1612,3780
1416,3962
1220,333
2878,374
965,346
1941,1764
2356,2587
1488,3676
974,1149
1332,383
946,3425
1031,13
3756,3211
125,1920
331,1979
2988,3457
2435,3246
80,3690
2560,1216
521,236
4205,2838
103,850
1954,4042
753,18
2735,2220
1443,956
2724,828
940,2271
2799,988
3248,106
3738,2204
2850,3422
2765,2541
2049,125
1978,4136
2205,2370
3213,256
559,1402
4165,2768
2221,2596
612,1152
872,1174
1954,1201
1542,3259
4135,2324
3090,1413
1874,3461
3906,40
3613,945
1750,4204
253,3656
1427,3655
99,49
3851,3715
2889,2062
3102,2531
1935,2568
821,850
313,990
60,18
10,1201
4080,4116
2743,2698
1803,1470
2150,3091
820,4177
411,3373
4017,1764
1387,431
3538,3078
1475,3003
1185,1083
873,469
1241,289
2312,2076
1395,3618
3585,3780
2281,520
2799,1402
1128,504
143,437
110,2882
2589,2548
3091,469
3606,4142
1705,18
97,1178
3596,469
1124,3547
1058,4015
285,3524
2975,2497
4050,3466
3047,686
172,876
386,2528
364,2411
3862,3227
1736,166
1604,1252
2118,584
2041,3990
3342,1454
2016,723
3578,4165
1328,421
1547,932
2981,3922
3127,18
1844,1358
3280,2548
1553,2768
3149,3154
3856,4204
1263,3204
2302,492
146,2037
1010,1823
162,3638
2224,2411
4215,3204
908,450
3435,24
2444,3642
3364,3685
2017,3204
1693,601
2530,1702
170,944
870,850
3922,1394
102,28
3839,3516
1056,383
1035,2645
1808,966
1619,2087
2449,3058
3779,398
3734,879
2968,1478
882,4204
84,3819
342,648
2330,2014
2805,2329
1994,122
1537,1402
1513,3987
2090,3305
1570,371
3301,1492
24,3672
1237,3524
287,2728
845,3946
84,3780
3141,2005
2568,2531
3944,3168
2164,2511
3755,2442
328,699
255,1201
1740,1863
943,990
3778,1429
2301,1764
327,4192
144,4124
646,2301
2211,4163
1941,1515
2520,2703
66,420
1681,2837
3947,2076
2916,969
2517,3384
2120,3401
3587,1181
885,945
1903,2768
3369,680
598,507
162,1854
624,520
3341,4016
855,1201
2727,2059
1640,1764
762,3375
1532,3265
3050,2749
2415,2768
519,340
2025,2531
1688,1152
2056,3843
3658,1764
3151,2746
2021,4006
4139,1764
721,2531
11,3091
1970,2204
3090,1411
1371,3556
1033,2725
68,1764
3867,3883
232,1764
456,2642
3149,1989
2952,3469
1842,834
3254,1848
4149,13
927,2063
746,1982
3470,3780
3491,2960
3517,4047
2140,661
2434,1866
224,469
3669,2026
818,2129
2426,2199
3708,4018
978,1361
1204,2531
2382,1318
970,383
132,1786
2483,2222
2732,174
2505,2071
1040,1998
2065,4249
3411,4092
1007,13
3202,18
3208,132
1213,2305
414,4204
1337,1048
4120,915
1610,1764
3302,1318
287,469
990,3819
650,469
3763,2204
917,1471
1643,1796
383,1811
3808,953
3291,1051
3936,3424
1932,3842
1799,3320
465,2981
2231,3841
1385,1392
3009,3204
2542,2723
1412,3082
1914,1781
3151,2293
1289,1830
2632,283
1750,830
373,1764
1298,3819
2460,2682
3862,3865
1757,4236
2301,688
74,3149
628,599
1125,872
3939,4069
392,2606
1276,3034
3282,313
3711,1767
1417,2072
1233,1152
1464,3031
1138,3519
1574,115
3733,1178
4261,2515
1945,3533
1421,55
3206,469
3652,18
2561,3903
803,3038
607,3870
3966,321
4079,1797
2559,737
1322,2364
3170,3472
2699,3398
495,3819
2178,3796
1339,3656
1657,1212
1941,2637
2239,3656
3329,273
38,2951
643,2531
731,932
1854,108
1596,833
1887,1375
3790,1618
2618,301
2100,4138
2620,618
972,3562
3464,1585
3812,2805
2790,2411
968,2909
2587,2506
3023,2375
3237,794
1633,1772
2527,94
1508,4077
3705,116
2796,1152
794,4145
1594,1764
3442,1212
2854,2053
3060,3878
1771,481
3951,1732
330,473
1263,1896
1340,4158
1258,2204
1597,3780
3968,3204
2484,3784
2015,1043
645,1712
305,2204
1810,2204
3121,4119
3776,2243
613,10
3346,3204
2879,579
946,1854
1365,766
4181,818
840,4204
2701,2928
682,3907
3270,2855
671,4025
686,1362
635,13
3424,1960
1420,960
3992,945
131,725
1842,383
2220,368
3229,3669
2729,1018
3991,3197
581,1525
1712,468
2499,2768
2117,3976
2639,3373
2199,2660
249,2003
157,3373
1582,1789
1182,2488
4222,1758
1439,2089
881,2000
1771,1875
2364,4185
1519,3889
3712,3524
871,2016
2033,323
710,1023
3618,3116
3056,3173
3913,215
2817,522
3683,3296
656,3918
1566,990
2960,105
1538,3459
2057,482
868,1424
929,383
911,51
2179,3272
3095,880
1207,2187
3989,451
3177,1471
1811,2535
2601,1596
1077,2964
1376,3242
3245,2768
2893,18
2672,1998
2480,1981
648,1152
695,3017
69,3767
409,500
1112,1201
1975,460
949,2204
2617,990
2327,968
1001,729
4066,77
2832,692
4094,2275
113,932
3463,1881
3018,3780
1292,1682
263,4252
3271,2064
139,875
2531,3819
2754,1181
3634,2478
3971,1388
46,4245
2040,469
3828,2878
2974,2437
1401,3733
3629,1436
554,101
3850,18
2020,4268
3160,3225
3287,2764
1802,469
3753,906
172,3095
2270,3091
3187,18
1096,3656
3813,469
2896,180
4118,1907
3876,241
1642,3459
3951,2339
3791,1991
672,850
1558,1000
1557,4024
3836,2402
1930,2145
532,4235
2290,1115
2752,240
1429,2210
553,4119
2455,1452
1383,2548
4075,424
4244,3903
3107,2903
2841,2469
2266,746
2145,2709
2441,54
4237,1628
1304,1751
2714,892
3967,928
1210,2295
1145,1520
350,448
89,2194
691,2768
2422,4268
786,778
403,2164
3169,4119
572,3780
468,3204
3059,2185
2553,1136
104,3830
4233,1782
2094,469
1114,3317
538,3640
3398,3459
1205,1043
1750,4163
209,912
3457,2478
3810,2204
439,1152
1807,1850
2869,1201
4242,3879
2823,3098
2635,1693
2991,383
284,254
4092,147
954,4186
2432,1152
330,18
4014,945
2775,1614
2742,527
236,2509
3223,260
539,663
2179,1764
2333,374
2338,3993
1670,1181
46,850
4094,3756
1538,1596
3005,3091
4198,2531
810,3892
2676,2548
1060,850
1621,3780
3541,3204
981,1181
2860,694
668,4157
2066,3780
3622,3144
1105,990
3718,3238
2988,238
172,3735
3104,3944
4098,2204
1717,2660
2299,3526
3845,1826
2942,2924
1142,528
3649,427
1333,1923
503,3983
440,3283
3303,2703
1836,2531
2806,990
904,3780
1565,3244
3978,3921
1982,1505
3965,3655
1951,1680
1425,3044
1217,18
1735,170
510,3744
3452,2855
3355,1113
4188,1373
1391,2531
1774,2768
2463,469
232,2630
3922,2956
3452,3476
980,2215
2139,350
907,469
1372,3819
222,2112
3361,2018
3192,383
2416,4273
793,3326
1949,1406
2456,2742
3608,1342
3083,1854
3138,2411
2663,1698
938,298
259,1152
3633,1542
2377,4156
1269,3301
3471,995
4052,499
1751,2916
1873,1795
2070,3617
1051,2286
2786,590
3134,3524
141,169
953,2884
1908,2806
2928,1439
1550,1152
1992,2549
4271,990
1052,1197
1506,2091
4006,3037
703,2594
3663,647
204,897
1171,85
2555,3291
607,1411
616,3819
1403,2768
1119,2206
2949,142
2321,3901
2083,2463
1556,3780
2873,850
3055,2548
4130,850
2837,939
2675,2500
340,1743
3802,13
4045,469
1534,850
366,3575
3769,4062
171,1098
1200,2531
429,2268
2018,1798
3123,367
3767,2826
1510,2828
1255,310
437,3204
686,2479
824,736
1250,3702
2658,939
1943,2309
437,1805
1133,945
2814,4013
3003,1355
1244,850
2450,469
1271,18
2429,18
4106,3780
4261,3373
2394,850
637,1159
1617,2531
3846,3866
3078,233
926,1378
1444,2235
4133,3916
734,3235
2299,3912
1106,2838
2101,1043
1002,258
2671,2456
3879,1740
897,610
1775,2531
3948,697
2253,4208
902,2019
1067,1016
1964,1201
473,1420
1245,4013
1064,628
3915,1622
1109,3780
3030,712
1420,1764
3444,3656
3492,1538
2135,850
1663,3608
195,3616
1515,1596
835,723
2050,1258
1603,2411
3908,2073
172,1747
2797,160
2871,35
869,3463
1199,3203
2644,2979
2404,787
2103,2660
2459,3656
1516,603
3497,246
2172,1264
3835,3042
1490,990
3848,1273
2362,3857
493,1990
2140,2660
711,695
1175,3507
893,4160
262,2548
3101,2208
3602,13
4259,1399
1144,2367
1450,3209
3557,3398
3432,3725
2400,2076
2444,228
973,2807
42,845
2009,118
3024,2671
110,3780
425,2042
1999,3091
982,850
3458,2834
2484,1596
3759,18
1675,469
1438,2514
14,850
2213,319
3648,3780
2259,1320
1598,1022
3728,555
1208,4013
2941,18
4077,3173
3254,698
2826,766
1260,2531
1445,3863
1082,1152
2748,3450
3881,2147
615,1864
1950,1847
1554,518
119,469
2820,1311
3723,1764
3356,214
3640,1344
343,1120
2137,18
2811,1256
1551,797
3373,3831
3864,939
1995,3225
3223,3819
4246,389
3756,2119
912,417
3859,3373
2383,3615
569,2212
2403,2103
3394,2076
2726,18
4237,2373
960,1764
1654,13
2112,1275
3909,13
2435,3952
2062,1837
1526,42
3387,2845
1353,1558
1955,149
1913,3492
307,580
3949,2634
1232,3418
4113,1764
279,1111
2339,997
2245,18
881,1375
1487,1852
3325,588
3082,3204
4241,694
3536,2248
3382,109
2966,2204
3348,803
3337,1992
4100,1279
85,1683
172,2787
709,3687
3227,4121
1655,2466
61,2911
2495,1880
1776,1854
2758,243
172,383
2551,1985
3794,945
4184,2930
2097,3322
129,1412
2072,1956
1301,3843
4178,13
1563,2743
1068,2548
489,1964
2413,3853
3247,2204
2143,3431
463,683
2002,594
3383,4150
2196,945
1990,2936
1211,2493
2956,3279
1254,4058
3426,1145
1826,2810
3326,3537
469,3204
1788,2700
3370,2597
3846,939
797,1158
2781,3243
3246,869
3006,2548
1469,3656
638,2968
2985,3819
2458,2927
4169,131
3993,850
3624,3780
3110,222
4132,3395
3535,1820
2712,2131
1837,336
397,13
3279,1854
566,1735
4004,1062
1544,4046
2088,653
3049,850
3769,3204
2106,2381
183,2225
4196,850
581,955
2242,600
3887,1568
2776,2244
2620,3710
1781,493
92,2943
2118,4197
3019,2222
728,1297
2678,3549
1629,1386
3934,2069
184,1598
1720,3534
1965,3953
2218,4124
1367,922
4057,1178
3742,907
3985,1764
856,782
4266,1535
1080,374
3119,3780
1900,2891
472,3188
712,148
862,3042
2927,515
1317,2488
3857,963
922,3264
3841,3564
2604,18
459,1524
1672,1764
737,2673
1257,1152
48,341
1822,3484
1697,614
2223,4013
1499,791
1708,366
3305,513
324,1936
779,2915
2226,3290
2268,3056
2315,2478
2945,3780
1198,2683
998,2026
1299,2531
633,1729
3209,339
2837,1064
1500,2087
3986,486
3241,4052
2821,3780
1968,18
498,2624
3060,575
853,2228
2532,3755
1366,715
2915,3708
4040,3780
344,983
384,2450
1524,3508
2381,3515
4266,383
2469,100
2188,2087
4090,3438
78,2663
1770,1998
2187,3709
28,2051
1830,1161
660,2570
3315,2093
3102,2768
164,3959
508,13
1531,1326
2136,3441
329,1457
1317,1800
4035,602
1168,1636
111,2531
2703,2325
1946,2368
3336,660
507,3042
426,1572
2096,3594
2219,3132
1070,4048
1824,13
1601,4246
1622,2643
427,4111
57,3487
3702,3179
1560,3008
3249,376
2168,3030
2474,399
547,990
3082,3349
359,2350
1050,3373
3070,3780
1084,1596
3344,2026
4237,3903
561,3758
171,738
2097,4264
3546,1703
4204,1229
3582,3266
2955,614
631,2703
2048,799
782,2076
3368,817
1154,1555
2198,2531
1399,920
3353,587
1639,1673
117,18
652,1998
465,851
466,3204
1570,3373
1901,769
2083,2546
1153,291
1605,13
2223,598
4224,1764
3477,1752
2282,2608
66,184
2114,3651
1482,3471
2334,4
620,850
2149,2272
1935,2852
2023,2548
2446,3917
2099,3828
3597,623
315,18
3255,18
1659,1764
2173,923
192,3051
1372,3780
1780,3492
1892,3713
2666,3373
98,3928
2158,18
1928,217
3163,973
1910,3313
1306,2176
3063,1375
2918,541
3201,3091
1680,911
289,3497
979,1607
912,1012
517,340
893,2531
2951,2597
841,2531
4171,719
1194,3664
2052,3147
1118,539
1000,279
678,2680
861,1375
3130,2561
3504,2703
3371,2026
3670,13
409,383
2724,4033
597,3753
4028,4013
3279,4043
615,939
1879,2670
3267,3373
2824,2642
579,819
114,3091
1099,2584
1352,3236
2044,469
1827,2691
4222,2522
514,3312
1468,3801
2445,788
1745,1351
22,2277
2256,18
2442,4104
486,1715
2997,1563
3886,404
3232,3
463,1305
2037,1737
258,3204
1291,19
2121,1588
1656,1816
1849,2076
1211,1249
3887,2995
1218,3172
27,3373
337,266
3482,3586
3500,394
370,2768
2493,606
2784,687
2994,4083
1820,1433
3062,2076
3761,3656
832,2547
1652,1359
1123,209
2391,491
1713,3022
4106,990
1708,3563
3374,2648
3935,533
885,2276
2011,354
3290,2190
3709,927
182,3204
3042,1758
831,520
1584,3254
3943,4204
238,924
858,2926
1446,4083
1339,3780
736,4242
3860,469
248,3780
128,502
2098,1328
1816,107
3568,2334
1455,4119
3162,2732
2266,3278
3881,3847
3616,1102
2890,1940
1503,2204
223,2886
2624,3606
2979,2107
2006,850
410,2606
2407,1764
142,3032
3550,2854
86,1658
3722,1411
749,3677
1725,4064
2575,3780
1473,964
581,1961
2109,2108
33,1074
1141,1414
4151,1586
3156,3868
2465,2768
3668,1127
1162,2655
3567,3378
1863,257
3323,2548
2697,3105
8,2376
3558,4002
951,1242
1315,2411
1750,575
2846,1451
726,3780
1642,1576
3103,3531
3355,1460
301,2341
3711,2996
366,3780
3334,3339
679,106
3467,13
3886,3485
3159,1272
1161,2651
3307,383
1061,3119
3120,1764
3673,1764
2913,2525
3396,1728
2074,452
1923,2815
1869,3903
3615,1255
577,1663
777,1418
1209,4241
1525,1462
1687,2026
3186,18
618,1613
2410,1854
4151,2204
2138,2272
1668,1152
2115,479
208,469
4156,1644
201,1794
3128,1462
2347,4053
1122,13
3503,1053
2185,3240
2645,1
1901,145
971,2933
1878,2349
3698,3971
662,1421
4095,2387
3076,3538
2770,3860
3470,934
2107,2267
1319,3739
941,2126
3384,3951
850,469
3013,2721
2142,3775
4063,159
1297,1106
532,2411
540,520
3782,1948
1215,2768
3833,2314
4105,921
356,690
3032,2533
2706,153
592,1059
1223,3091
956,3746
3549,3499
1120,4217
3701,3836
731,2878
2803,529
2633,459
3502,1073
2405,3656
2939,373
484,2005
3042,2485
219,4088
2730,433
2580,106
3016,1769
3363,3547
4274,2840
1382,850
2758,3798
1761,360
3945,2204
2240,3336
233,2157
3007,1181
929,838
2341,2863
2472,469
1939,3821
3004,2548
1143,4012
3505,1764
2215,2757
2581,223
297,3214
1194,3146
2847,999
1149,1106
3970,3524
3,1727
720,932
465,163
3894,1250
1312,1519
290,1440
1716,2923
3178,1152
2783,434
1671,1307
322,2723
2083,597
3644,3656
369,2434
3707,3656
3492,690
1444,2599
457,3218
3413,3135
1157,1663
1348,3749
778,3938
317,722
3961,1375
1828,3780
2528,2731
2692,3667
1102,3072
3412,1375
2317,1181
4211,2838
2419,3903
290,3373
3083,369
1188,2252
394,477
1661,3443
4091,1484
4272,3398
593,3998
2448,1220
2425,2148
3403,3774
2411,3091
536,939
2438,884
4166,2288
749,383
4113,1659
610,3502
781,3204
670,18
341,1397
3512,396
1797,1859
275,1906
741,2411
3015,3033
313,1757
1708,3661
2384,2531
1708,1425
411,1228
87,1998
1850,1764
699,1667
931,4083
3393,850
293,2768
883,3724
1815,120
2827,4062
3955,3926
1522,1931
3117,2687
3620,2005
3356,3524
2454,1171
2433,3635
3905,2531
4106,2594
1608,18
813,1106
3045,1669
2078,940
1550,2127
1428,832
4043,3083
4003,615
900,2686
3470,4118
1568,3981
1715,2012
846,3589
2753,4217
4071,2421
1221,2877
660,2531
4069,3210
4173,2917
16,3903
4155,646
326,2545
2592,469
169,767
1034,218
614,3091
1750,2411
3186,2085
197,3780
1839,3373
2622,2076
1857,774
1231,4198
3871,3968
624,462
1645,440
3856,3408
1195,3582
68,2082
594,2813
627,3185
2719,2431
2203,2476
4257,1254
3289,13
2260,3365
4066,3270
2987,3091
1904,4148
15,18
1107,1764
3579,3495
1634,2146
2246,4026
1391,2477
2473,2155
3002,3529
3751,1169
145,45
2812,945
2657,3493
1956,3373
1308,519
2680,3480
1442,251
1724,469
2310,3175
291,1904
588,711
1642,1321
3249,8
3984,18
2246,199
3414,571
4085,2116
3641,4079
2972,551
3311,4217
2763,2768
1748,1764
1812,2768
2549,252
3236,3819
383,3091
2088,2501
411,3910
1057,18
1762,2701
1941,403
1691,3656
3595,18
3728,932
411,2905
2354,939
1182,2554
3073,2555
8,1295
1375,4013
380,2147
3818,3370
3528,469
3013,1592
1614,4191
4152,50
1778,3019
669,2162
3221,459
3963,3088
95,13
2095,2411
1170,1764
2146,4032
1094,3257
438,29
4251,850
4056,282
3689,3137
1545,3614
3963,1764
2232,1194
2152,2045
3829,520
4154,1584
2014,398
1325,2870
1518,3932
3139,3512
1858,1690
4016,3478
3437,3780
276,4171
4102,1696
627,905
216,13
1592,1755
2652,2272
987,1371
3786,212
2791,469
1993,18
1515,3204
1540,770
3666,3780
261,2498
1646,2548
903,3524
1868,1932
3597,2706
2621,1152
3316,18
587,1736
472,1178
1962,3363
3635,1495
4270,1375
3416,1756
2340,469
1750,2027
1678,1713
3651,664
2582,1218
4269,3996
933,2887
767,3401
229,469
2863,2802
1731,546
2585,899
2989,1375
464,2478
2826,1764
705,2204
4008,3806
385,2413
1977,3191
512,3401
1056,2823
4038,3111
2438,2783
715,3663
2307,2595
1313,1152
474,1315
2671,170
3510,1289
2964,318
2762,3960
3750,1743
1908,4013
3000,3523
1002,1092
900,388
3803,2835
3097,1657
1587,2411
171,106
92,2531
3309,1718
2197,459
2661,3091
741,3591
2012,2195
2254,4057
2204,3204
582,1202
2736,13
2366,3896
713,2531
1627,1267
2300,1854
1679,4133
1347,3780
3433,3610
640,2320
2010,3786
3588,1201
688,2531
1933,3150
607,931
2103,406
1623,720
851,3373
1248,2613
2526,2548
3299,1513
1409,1804
3052,3656
2860,3402
732,2553
4220,2411
210,1437
3238,966
703,1764
2932,3109
719,3228
2810,657
1944,383
190,91
1931,1988
531,3620
3180,523
3395,2420
3040,2642
4039,3434
4220,1681
2738,3780
3888,3273
738,850
286,1998
4168,4216
268,2272
1711,850
231,1928
396,2005
417,2360
3414,1592
1048,2462
667,1722
3318,469
2628,1952
3417,3448
774,1201
3069,2221
1664,2768
1994,1854
636,3091
2594,1764
3699,2411
3300,4081
1773,4265
4054,2768
744,990
675,945
184,3627
3789,4137
2372,2894
2344,990
3292,1450
1227,1998
166,1624
887,13
1551,990
2444,3304
3677,2040
3048,1661
680,559
3983,1900
2193,3748
127,1342
1436,1387
676,1043
533,374
1689,1423
2273,4163
30,4228
4090,1027
3547,2100
3355,3340
2347,1401
2823,3373
776,2454
1971,2531
1262,195
1602,576
933,3780
483,18
4201,13
1892,804
4023,1846
91,815
1349,1127
751,2099
3636,850
1760,3194
1776,4004
3987,44
196,1201
2930,1611
1701,1764
1591,18
641,13
3749,1368
465,908
4055,3318
411,2204
3529,1154
2199,518
2724,2999
2497,3131
1120,65
2990,173
2798,2660
2115,2913
3133,990
2314,2192
2807,2312
1104,3419
755,4194
2998,510
1980,3740
3521,2715
1750,3233
1549,3954
1676,1502
2717,589
183,2
1801,4135
1100,393
2792,850
317,3091
74,2478
1381,1965
2336,2904
2359,18
226,18
93,1252
675,335
4199,1441
3256,2768
3153,4099
1521,2411
3716,18
1556,2794
3617,294
2283,70
1035,945
2373,500
1117,410
1183,2237
2294,4132
549,3204
1146,3895
4112,13
692,2910
2444,543
608,2677
1843,4044
720,3751
2583,2505
3350,990
1737,3558
1902,2531
2502,2531
2834,760
3678,13
1235,2606
544,383
1089,2694
863,18
2035,18
432,2548
3198,2024
3430,1098
4117,990
2772,2170
1045,3556
570,613
3932,2745
1977,3373
316,2507
3168,3090
492,2403
3035,1764
4203,3792
2118,3141
3584,734
3581,850
3855,322
2084,469
3853,1730
2731,2336
3327,1606
1038,2531
517,4204
2750,3780
2874,18
2345,990
727,3819
2653,383
2752,3958
2888,3362
1789,382
2521,2076
3834,3524
2988,1485
2529,2635
1091,441
2533,348
3198,2898
2558,4266
1130,4257
3470,1476
166,2627
2393,2685
4223,2389
1744,3701
2397,2147
1435,13
4061,1764
1336,39
1275,1634
3555,2484
3341,3459
3352,874
2218,3215
2636,1764
496,2791
2747,469
2055,2518
1419,18
